"Timestamp","Quais suas principais preocupações e seus sonhos?","O que você escuta dos outros a seu respeito e a respeito do mundo? (conte com familia, amigos, chefes, influenciadores e etc)","Como você vê o mundo e as pessoas que lhe cercam?","Como você se posiciona perante o mundo?","Quais são seus maiores medos, frustrações e obstáculos?","Quais são seus desejos e necessidades? Como você sente/sabe que está seguindo o caminho certo?","O que você faz para se divertir/relaxar?","Você gosta de jogos eletrônicos/videogames?","Você curte, manja ou gosta de ler obras de ficção?","Você curte histórias de época?","Você gosta de quebra-cabeças?","Qual seu gênero predileto?"
"2017/03/03 4:42:32 AM GMT","","","","","","","Atividade física, leitura e/ou filme","Sim","Sim","Sim","Sim","Nenhuma das alternativas"
"2017/03/03 5:39:30 AM GMT","Preocupações: família e vida acadêmica. Sonhos: Filhos (que não posso ter).","","","Nem sempre falo o que penso, mas sempre faço o que acho certo, independente de opiniões contrárias.","Eu mesmo ","","Assisto filmes e séries, reuniões com amigos e família, namoro, leio, passeio, bares e vou a igreja. ","Talvez","Sim","Sim","Sim","Todas as alternativas"
"2017/03/03 2:25:37 PM GMT","O futuro do planeta","Palavras de empoderamento e positividade","Relação da pessoa com meio ambiente","Hábitos sustentáveis","As pessoas","Fazer a diferença no mundo. Sim.","Assisto filmes","Sim","Não","Sim","Sim","Todas as alternativas"
"2017/03/03 3:20:00 PM GMT","minha maior preocupação é o acirramento da luta de classes.","escuto coisas legais e merdas também. ","está vaga essa pergunta... Mas vejo pessoas que assim como eu precisam melhorar.","penso que eu falo para os oprimidos e parte de minha vida é direcionada para que haja a igualdade em nossa sociedade tão desigual.","Medo de não viver meus sonhos. Um grande obstáculo para que isso ocorra é a falta de autoconfiança","Desejo estar bem e poder colaborar para que as pessoas estejam bem. Sim, penso que estou seguindo por um bom caminho. ","dormir, comer, ler e nadar","Talvez","Sim","Sim","Sim","Suspense"
"2017/03/03 6:35:42 PM GMT","Saúde,  segurança financeira,  moradia,  lealdade no casamento ","Escuro tudo, filtro saúde, educação,  bem estar","Mercado, pessoas e situações ","Falo de acordo com meu entendimento e maturidade sem impor , mas deixo meu posicionamento ","Desemprego,  doença,  insegurança pública","Quando percebo que meus projetos estão caminhando para serem realizados ","Música,  cinema, namoro,  livros,  cafeterias, teatro,  dormir. ","Sim","Sim","Sim","Sim","Suspense;Aventura;Romance"
"2017/03/03 10:05:21 PM GMT","Não conseguir o ","Que sou pró-ativa, carinhosa, gentil e bondosa.","Eu vejo beleza e bondade. Evito dar ibope pra coisas ruins.","Gosto de agir, não gosto de esperar pelos outros. Não tenho problemas que não reconheçam o que faço, contanto que eu esteja satisfeita, está ótimo. ","Não ser feliz.","Ter uma vida confortável, uma família e ajudar quem eu amo.","Escuto música, vejo filmes/séries e leio coisas do meu interesse na internet.","Sim","Sim","Sim","Sim","Aventura;Romance"
"2017/03/04 12:09:28 AM GMT","Preocupações: o cuidado pra não engravidar, conseguir um emprego.
Sonhos: conseguir um emprego, ter uma casa, escrever um livro, ser reconhecida profissionalmente.","Não entendi, rs.","","Acredito que tudo o que é falado deve ser falado com amor, cuidado e empatia. Ninguém sensibiliza o outro com grito. Meus posicionamentos geralmente sempre são externados assim","Acho que estão baseados todos no machismo. Ser assediada, engravidar numa fase difícil e não poder ter escolha sobre isso, ser abusada, ser diminuída apenas por ser mulher ","Necessidade: conseguir um emprego kkk. Sinto que estou no caminho certo pois corro atrás do que quero sempre.","Tomar cerveja, ler, fazer textão no facebook, escrever e escrever","Sim","Sim","Sim","Sim","Suspense"
"2017/03/04 8:14:08 AM GMT","Passar fome","Elogios e criticas construtivas","Dificil","Observadora","Morrer","","Internet","Sim","Sim","Não","Sim","Romance"
"2017/03/04 12:07:32 PM GMT","Conciliar trabalho, família e bem estar.","Poderia conseguir mais. ","Importantes pra minha formação pessoal","Mais uma","","","Conversar é minha melhor forma de espairecer","Sim","Sim","Sim","Sim","Suspense;Terror"
"2017/03/04 12:09:51 PM GMT","Minha filha, minha maior preocupação. Meu sonho: que ela cresça com saúde e qualidade de vida.","Que sou uma pessoa educada, que sei ouvir as queixas e que aou prestativa.","Tento ser o mais racional possível mas uso também meu lado emotivo para o trabalho, família e amigos.","De maneira positiva.","Acontecer algo com minha família, nao ser boa o suficiente na minha profissão.","Fazer uma subespecialidade. Sim, estou seguindo o caminho certo.","Assisto filmes, cozinho.","Sim","Talvez","Sim","Sim","Aventura;Romance"
"2017/03/04 6:02:49 PM GMT","Intolerância é minha principal preocupação. E sonho em poder sair na rua ou viajar sem ter medo de sofrer qualquer tipo de violência na rua.","A meu respeito: sou amiga, confiável; precisa me organizar meus horários.
Sobre o mundo: vai todo mundo se matar nessa poha.","Com preguiça.","Respeitando próximo, vestindo as minhas bandeiras.","Violência 'gratuita' é meu maior medo. Frustração é inversão de valores; o senso de humanidade está sendo perdido. Obstáculos são meus medos.","A primeira pergunta é aberta demais. A resposta da segunda é que eu não sei.","Filmes, séries, internet. E beber.","Talvez","Não","Sim","Talvez","Aventura"